<?xml version="1.0" encoding="UTF-8"?>
<!DOCTYPE hibernate-configuration PUBLIC
            "-//Hibernate/Hibernate Configuration DTD 3.0//EN"
            "http://www.hibernate.org/dtd/hibernate-configuration-3.0.dtd">


<hibernate-configuration>
		<session-factory>

			<property name="hibernate.connection.driver_class">com.mysql.jdbc.Driver</property>
			<property name="hibernate.connection.url">jdbc:mysql://localhost:3306/test</property>
			<property name="hibernate.connection.username">root</property>
			<property name="hibernate.connection.password">root</property>
			<property name="dialect">org.hibernate.dialect.MySQL5Dialect</property>
			<property name="show_sql">true</property>
			<property name="hbm2ddl.auto">update</property>
			<mapping class ="com.Employee" />
			<mapping class ="com.Employee_DAO" />
			

		</session-factory>
</hibernate-configuration>		
		